name,location
FNAC - Fujifilm Greenwood SC - Primary,US
FNAC - Fujifilm Portland Oregon - Production,US
Menasha Newville PA - Direct,US
Do &amp; Co - F1 Las Vegas NV - Root,US
ID Logistics West Jefferson OH Premier - Primary,US
Steven Charles - Primary,US
Del Monte Fresh Produce MD - Direct,US
swipejobs LLC - Primary,US
PIM Brands Somerset NJ - Packaging,US
Kimberly Clark - Primary,US
ID Logistics 6791 West Jordan UT - Primary,US
"Daikin Comfort Technologies Manufacturing, Inc - DTTP",US
PIM Brands Somerset NJ - Production,US
Safilo NA - Primary,US
Del Monte Fresh Produce MD - Indirect,US
Do &amp; Co - JFK - Primary,US
"Assemblers, Inc - McCook - Production",US
Del Monte Fresh Produce Houston (TX) - FC 1st,US
Otter Products - CTO,US
PBM Graphics Durham NC - Primary,US
Levi Strauss - Primary,US
ID Logistics Kennesaw GA - Primary,US
United Facilities Wilmington IL - Wilmington,US
Biovations - Primary,US
Porsche - Primary,US
Menasha Minooka IL - Menasha Direct,US
Del Monte Fresh Produce (OR) - FC Direct,US
Del Monte Fresh Produce (TX) - FC  1ST,US
United Facilities Perris CA - Perris,US
"Diversi-Pak Solutions, Inc West Chicago IL - Primary",US
Melissa and Doug - Primary,US
Ogden Eccles Conference Center   - Primary,US
RNA Corporation - Production Payroll,US
Gilmer Warehouse &amp; Logistics - Main Warehouse - Primary,US
United Facilities-Roanoke TX - Primary,US
RNA Corporation - Daily,US
PIM Brands Somerset NJ - Sanitation,US
ID Logistics FT Worth - Primary,US
Hood Container Allentown PA - Primary,US
Maersk Warehousing &amp; Distribution Services USA LLC - Primary,US
Georgetown University - Primary,US
Kodak Alaris Inc. - FINISHING MANAGED SERVICE,US
"Daikin Comfort Technologies Manufacturing, Inc - Logistics",US
ID Logistics Ellenwood GA - Primary,US
DHL 1099 HNI SLC UT - Primary,US
Del Monte Fresh Produce Canton MA - Veg AM,US
Del Monte Fresh Produce Canton MA - Melon AM,US
APS Grupa LLC - Production,US
Stratosphere Primary - Primary,US
UPS Mail Innovations Salt Lake City UT - Primary,US
Chelsea FC Holdings Ltd,UK
Chelsea FC Holdings (Coaches DX),UK
VIACOM INTERNATIONAL MEDIA NETWORKS U.K. LIMITED,UK
Alliance Healthcare (Distribution) Limited,UK
Frontier Agriculture Limited,UK
Department for Education - Primary,UK
BMS - Boots Management Services Ltd,UK
JD Williams and Co Ltd,UK
AmerisourceBergen International Technology Services Ltd.,UK
Sage Global Services Limited - Primary,UK
Gloucestershire Constabulary,UK
BMS - Boots Management Services Ltd (Consolidated),UK
CGI IT UK Limited - UK Central Government ,UK
BMS- Boots Management Services Ltd (Beehive),UK
Hilton UK Hotels Ltd,UK
Shell International Ltd - Non DX,UK
Boots UK Ltd,UK
The Insolvency Service,UK
Chelsea Football Club Women Limited,UK
Manchester Metropolitan University,UK
Innovate UK - Monthly  - Primary ,UK
NHS NORTH WEST LONDON ICB,UK
Care Quality Commission - Talent - Monthly - Care Quality Commission,UK
Chelsea FC Foundation (DX) Youth & Inclusion,UK
"Shell USA, Inc",UK
London Ambulance Service NHS Trust,UK
Alliance Healthcare Management Services Limited,UK
Boots Digital Health Limited,UK
Innovate UK - Weekly - Primary,UK
OCS Group Holdings Limited,UK
Shell Canada Ltd,UK
Sage Software Inc,UK
Shell Brands International AG,UK
Capgemini UK PLC - Central Government,UK
Cognizant Worldwide Limited - Primary,UK
Nutricia Ltd,UK
UK Intellectual Property office,UK
STONE TECHNOLOGIES LIMITED (TRADING AS REGD),UK
HiveMind Network Limited,UK
AH UK Holdco 1 LTD ,UK
Registers of Scotland,UK
Manpower Group UK Limited ,UK
West Mercia Police,UK
Channel 3 Consulting Ltd,UK
Caraffi Limited - N/A,UK
Shell International Petroleum Company - SIPC (DX) ,UK
Gamma Telecom Ltd,UK
Pracyva,UK
Simplifai Systems Limited,UK
Walgreens Boots Alliance Services Limited,UK